EOG_quintile,percent_EDS,parent_unemployed,county_poc,median_inc_county
4,96,11.3,50.3,40433
4,96,8.3,21.6,53419
3,96,8.6,56.6,59329
4,96,19.3,74.2,35407
4,4,9.5,42.7,50112
1,4,2.8,11.5,64426
1,4,12.7,52.5,44015
1,4,4,39.1,80169
3,4,9.2,35.7,57710
1,4,4,39.1,80169
1,4,4,39.1,80169
1,4,4,39.1,80169
1,4,4,39.1,80169
1,4,4,39.1,80169
1,4,4,39.1,80169
2,4,4,39.1,80169
3,4,4,39.1,80169
1,4,4,39.1,80169
1,4,4,39.1,80169
1,4,4,39.1,80169
2,4,8.6,56.6,59329
1,4,4,39.1,80169
2,4,5.7,27.3,73703
1,4,3.3,29.4,71920
1,4,5.7,27.3,73703
1,4,3.3,29.4,71920
1,4,9.5,42.7,50112
1,4,4,18.6,51491
1,4,3.6,27.4,80428
1,4,3.6,27.4,80428
1,4,3.6,27.4,80428
2,4,4.9,52.7,64509
2,4,3.6,27.4,80428
1,4,4.9,52.7,64509
1,4,3.6,27.4,80428
1,4,3.6,27.4,80428
1,4,3.6,27.4,80428
1,4,3.6,27.4,80428
1,4,4.9,52.7,64509
1,4,6,23.3,60044
1,4,6,23.3,60044
1,4,4.9,52.7,64509
1,4,4.9,52.7,64509
3,4,10.7,27,52798
5,94.8,11,46,41572
4,93.7,11.3,50.3,40433
4,93.2,20.7,55.8,36730
3,92.2,6.7,23.9,54900
3,92.1,14.7,42.4,38514
4,91.9,19.3,74.2,35407
3,91.9,12.5,17.6,44946
3,91.7,5.7,27.3,73703
4,91.6,11.3,50.3,40433
4,91.5,8.3,21.6,53419
4,91.4,11,46,41572
3,91.4,10.5,56,46779
4,91.3,11.3,50.3,40433
3,91.3,20.3,40.1,36862
4,90.8,5.8,44.9,43303
3,90.7,6.7,23.9,54900
3,90.6,6.7,23.9,54900
5,90.6,11,46,41572
3,90.4,8.3,21.6,53419
3,90.4,19.3,74.2,35407
4,90.2,10.5,56,46779
3,90.1,11,36.3,47757
4,90,10.5,56,46779
3,89.8,6.7,23.9,54900
4,89.3,19.3,74.2,35407
4,89.1,11,46,41572
3,89.1,14.7,42.4,38514
4,88.7,19.3,74.2,35407
4,88.5,19.3,74.2,35407
3,88.5,9.9,20.3,48372
3,88.4,9.9,20.3,48372
3,88.3,6.7,23.9,54900
4,87.9,19.3,74.2,35407
4,87.9,6,23.3,60044
4,87.8,9.5,42.7,50112
4,87.6,7.6,33.1,50748
3,87.5,19.3,74.2,35407
3,87.2,5.7,27.3,73703
3,87,19.3,74.2,35407
4,86.3,10.2,41.4,58956
2,86.2,9.9,20.3,48372
4,86,11.3,50.3,40433
5,85.9,7.6,50,50122
3,85.9,19.3,74.2,35407
4,85.9,8,49.3,52166
3,85.8,20.3,40.1,36862
3,85.6,8.6,56.6,59329
3,85.5,8.3,21.6,53419
4,85.4,11,46,41572
2,85.3,5.7,27.3,73703
3,85.2,9.2,35.7,57710
3,85.2,15.8,44.7,36976
4,85.2,19.3,74.2,35407
4,85.1,8.6,35.8,50480
4,85,14.3,48.2,42725
4,85,19.3,74.2,35407
2,85,14.7,42.4,38514
3,85,14.7,42.4,38514
4,84.8,7.6,50,50122
3,84.7,10.3,17,60163
3,84.6,20.3,40.1,36862
3,84.6,19.3,74.2,35407
3,84.6,11,36.3,47757
2,84.5,19.3,74.2,35407
3,84.5,11,36.3,47757
3,84.4,12,33.8,46411
4,84.4,12.7,52.5,44015
4,84.4,11,46,41572
3,84.1,9.9,20.3,48372
3,84,14.7,42.4,38514
3,83.9,15.8,44.7,36976
3,83.9,15.8,44.7,36976
3,83.9,11,36.3,47757
4,83.6,6.4,21.8,59471
3,83.5,15.8,44.7,36976
4,83.5,19.3,74.2,35407
4,83.4,19.3,74.2,35407
3,83.4,19.3,74.2,35407
1,83.3,7.6,50,50122
4,83.3,19.3,74.2,35407
3,83.2,15.8,44.7,36976
5,83.2,19.3,74.2,35407
1,83,19.3,74.2,35407
4,83,9.4,33.2,50149
4,82.9,10.5,56,46779
5,82.9,19.3,74.2,35407
3,82.6,12.5,17.6,44946
4,82.6,20.7,55.8,36730
3,82.6,14.7,42.4,38514
3,82.5,11.8,60.4,40263
3,82.3,19.3,74.2,35407
4,82.2,6,23.3,60044
3,82.1,20.3,40.1,36862
4,82.1,4,39.1,80169
3,82.1,8.6,56.6,59329
4,82.1,8,49.3,52166
3,82,11.3,50.3,40433
4,82,8,49.3,52166
4,81.9,8.3,21.6,53419
3,81.9,9.5,42.7,50112
3,81.8,10.3,17,60163
4,81.8,15.8,44.7,36976
3,81.6,19.3,74.2,35407
4,81.6,6.4,21.8,59471
3,81.5,6.7,23.9,54900
4,81.5,10.5,56,46779
4,81.5,19.3,74.2,35407
5,81.5,9.5,42.7,50112
3,81.5,12.5,17.6,44946
3,81.3,7.3,31.8,60296
4,81.3,19.3,74.2,35407
4,81.3,8,49.3,52166
4,81.2,4,39.1,80169
4,81,19.3,74.2,35407
3,81,20.7,55.8,36730
3,81,6.4,21.8,59471
3,80.9,6.7,23.9,54900
4,80.8,8.6,56.6,59329
3,80.8,10.5,56,46779
4,80.8,19.3,74.2,35407
4,80.6,7.6,33.1,50748
3,80.4,15.4,61.5,36760
3,80.4,7.1,49,42807
4,80.4,19.3,74.2,35407
3,80.3,8,49.3,52166
3,80.1,14.8,59.5,47892
3,80.1,4.9,52.7,64509
4,80,8.3,21.6,53419
4,80,8.6,56.6,59329
3,80,8,49.3,52166
5,80,9.5,42.7,50112
4,79.9,8.3,21.6,53419
3,79.8,20.3,40.1,36862
4,79.7,20.7,55.8,36730
4,79.7,9.5,42.7,50112
3,79.6,7.6,33.1,50748
3,79.5,20.3,40.1,36862
4,79.5,4.9,52.7,64509
3,79.5,12.5,17.6,44946
3,79.4,8.6,56.6,59329
3,79.4,10.5,56,46779
3,79.3,8.3,21.6,53419
3,79.3,11,46,41572
3,79.3,9.2,35.7,57710
3,79.3,14.7,42.4,38514
4,79.3,12.5,55.3,38023
5,79.3,9.5,42.7,50112
2,79.2,5.7,41.3,48984
3,79.2,4.9,52.7,64509
2,79.1,6.2,37.1,43302
4,79.1,4.9,52.7,64509
4,79,8,49.3,52166
3,78.9,14.3,48.2,42725
4,78.8,12.7,52.5,44015
4,78.8,19.3,74.2,35407
4,78.7,5.8,44.9,43303
3,78.7,10.5,56,46779
3,78.7,5.7,41.3,48984
2,78.6,7.4,12.3,55052
3,78.6,5.8,44.9,43303
3,78.6,10.2,41.4,58956
4,78.5,12.7,52.5,44015
3,78.5,8,49.3,52166
4,78.4,20.3,40.1,36862
4,78.4,19.3,74.2,35407
3,78.3,6.7,23.9,54900
4,78.3,8,49.3,52166
4,78.3,10.6,26.3,42728
3,78.1,9.2,35.7,57710
3,78.1,4.9,52.7,64509
3,78,6.7,23.9,54900
4,78,19.3,74.2,35407
4,78,8,49.3,52166
3,78,5.6,15.9,54012
2,77.9,7.1,49,42807
3,77.9,15.8,44.7,36976
3,77.9,20.7,55.8,36730
3,77.9,14.7,42.4,38514
4,77.8,5.8,44.9,43303
3,77.8,10.5,56,46779
4,77.8,19.3,74.2,35407
3,77.8,5.7,41.3,48984
3,77.7,10.5,56,46779
3,77.5,7.1,23.7,53738
4,77.4,7.6,50,50122
3,77.3,10.5,56,46779
4,77.3,19.3,74.2,35407
3,77.3,7.6,11.9,43328
4,77.2,8,49.3,52166
4,77.2,8,49.3,52166
3,77.2,7.6,11.9,43328
3,77.1,4,39.1,80169
4,77,8.6,32.3,50531
2,77,7.1,49,42807
3,77,8.9,11.8,43972
4,76.9,7.6,50,50122
2,76.9,9.7,8.7,51398
3,76.8,11.3,50.3,40433
4,76.8,10.2,41.4,58956
2,76.8,20.3,40.1,36862
4,76.8,11,36.3,47757
3,76.8,4.9,52.7,64509
3,76.7,19.3,74.2,35407
3,76.6,5.8,44.9,43303
4,76.6,15.4,61.5,36760
3,76.5,8.3,21.6,53419
4,76.5,11.8,60.4,40263
3,76.5,4,39.1,80169
3,76.5,20.7,55.8,36730
4,76.4,8,49.3,52166
3,76.4,8,49.3,52166
4,76.3,4,39.1,80169
4,76.3,12.5,55.3,38023
3,76.2,10.2,41.4,58956
4,76.2,8.6,56.6,59329
4,76.2,8.6,35.8,50480
3,76.1,10.8,52.8,43591
2,76.1,14.7,42.4,38514
4,76.1,4.9,52.7,64509
3,76.1,10.7,27,52798
3,76,10.2,41.4,58956
3,76,14.8,59.5,47892
3,76,5.6,15.9,54012
3,75.8,21.7,60.7,37233
3,75.8,10.5,56,46779
3,75.8,13.9,15.2,49070
2,75.7,13.9,15.2,49070
3,75.6,7.3,31.8,60296
3,75.6,4,39.1,80169
4,75.6,10.5,56,46779
3,75.6,4.9,15,60801
3,75.5,6.7,23.9,54900
3,75.5,10.3,17,60163
3,75.5,10.3,17,60163
4,75.5,4,39.1,80169
3,75.5,15.8,44.7,36976
3,75.3,20.3,40.1,36862
3,75.3,10.5,56,46779
4,75.3,4.9,52.7,64509
3,75.2,5.8,44.9,43303
3,75.2,10.5,56,46779
3,75.2,20.7,55.8,36730
3,75.1,11.8,60.4,40263
3,74.9,7.6,33.1,50748
4,74.9,8.3,21.6,53419
3,74.9,4,39.1,80169
3,74.8,4,39.1,80169
3,74.8,19.3,74.2,35407
4,74.7,14.3,48.2,42725
3,74.7,4,39.1,80169
2,74.7,13.5,15.8,46342
4,74.6,8.6,56.6,59329
3,74.6,14.7,42.4,38514
3,74.6,10.6,26.3,42728
3,74.5,15.8,44.7,36976
3,74.5,19.3,74.2,35407
4,74.5,8,49.3,52166
2,74.5,8.9,11.8,43972
3,74.4,7.6,33.1,50748
3,74.4,5.8,44.9,43303
3,74.4,15.8,44.7,36976
4,74.4,10.5,56,46779
3,74.4,19.3,74.2,35407
4,74.3,19.3,74.2,35407
3,74.3,5.7,27.3,73703
4,74.3,8,49.3,52166
4,74.3,8,49.3,52166
3,74.3,8,49.3,52166
3,74.2,8.6,56.6,59329
4,74.2,4.9,52.7,64509
3,74.1,21.7,60.7,37233
2,74.1,7.1,49,42807
4,74.1,10.5,56,46779
3,74.1,15.4,10.9,41701
4,74,14.3,48.2,42725
3,74,7.1,23.7,53738
3,73.9,20.3,40.1,36862
3,73.9,20.3,40.1,36862
3,73.8,7.1,49,42807
4,73.8,8,49.3,52166
2,73.8,13.5,15.8,46342
2,73.7,7.1,49,42807
3,73.7,11,36.3,47757
3,73.6,7.1,23.7,53738
3,73.6,6.7,15.3,53960
3,73.5,15.4,61.5,36760
4,73.5,20.3,40.1,36862
3,73.5,7.9,37.6,51225
3,73.5,5.7,41.3,48984
2,73.5,13.5,15.8,46342
3,73.5,4.9,52.7,64509
3,73.4,5.8,44.9,43303
3,73.4,9.2,35.7,57710
4,73.4,4.9,52.7,64509
4,73.3,8.6,32.3,50531
3,73.3,8.3,21.6,53419
3,73.3,10.3,17,60163
3,73.3,10.3,17,60163
3,73.3,4,39.1,80169
4,73.3,6,23.3,60044
3,73.3,6,23.3,60044
3,73.2,10.5,56,46779
3,73.2,5.7,41.3,48984
4,73.2,8,49.3,52166
3,73.2,7.4,14.1,62963
3,73.1,11,46,41572
3,73.1,11.8,60.4,40263
4,73.1,10.5,56,46779
3,73,6.2,37.1,43302
3,73,7.1,23.7,53738
3,73,15.4,10.9,41701
4,72.9,7.6,33.1,50748
3,72.9,10.8,52.8,43591
3,72.9,4.9,52.7,64509
3,72.8,5.7,41.3,48984
4,72.8,20.7,55.8,36730
4,72.8,10.7,27,52798
2,72.7,7.4,12.3,55052
3,72.7,11,46,41572
3,72.7,11.8,60.4,40263
3,72.7,7.1,49,42807
4,72.7,10.5,56,46779
3,72.6,10.5,56,46779
3,72.5,11.3,50.3,40433
4,72.5,8.6,56.6,59329
3,72.5,14.7,42.4,38514
3,72.5,9.9,20.3,48372
5,72.4,16.1,64.9,35433
5,72.4,9.5,42.7,50112
3,72.3,4,39.1,80169
3,72.3,7.1,49,42807
4,72.3,15.8,44.7,36976
3,72.3,8,49.3,52166
3,72.2,8.6,32.3,50531
2,72.2,13.5,15.8,46342
3,72.1,10.5,56,46779
3,72.1,7.4,14.1,62963
4,72,15.4,61.5,36760
2,72,11.3,50.3,40433
3,72,10.2,41.4,58956
3,72,10.5,56,46779
3,71.9,5.8,44.9,43303
3,71.9,11,46,41572
2,71.9,10.3,17,60163
3,71.9,9.2,35.7,57710
4,71.9,4,39.1,80169
3,71.9,14.8,59.5,47892
4,71.9,12.5,55.3,38023
3,71.8,6.7,15.3,53960
4,71.7,14.5,63.4,38818
4,71.7,11.8,60.4,40263
3,71.7,15.8,44.7,36976
3,71.7,10.5,56,46779
3,71.7,8,49.3,52166
3,71.6,15.2,26.7,41869
3,71.5,10.5,56,46779
3,71.5,14.8,59.5,47892
3,71.5,8.7,19.3,47758
4,71.4,4,39.1,80169
4,71.4,10.5,56,46779
3,71.4,9.4,33.2,50149
4,71.4,8,49.3,52166
2,71.3,7.4,12.3,55052
4,71.3,12.8,55.2,36042
4,71.3,15.4,61.5,36760
3,71.3,20.3,40.1,36862
3,71.3,10.5,56,46779
3,71.2,6.2,37.1,43302
4,71.2,15.4,61.5,36760
4,71.2,7.9,37.6,51225
3,71.2,15.8,44.7,36976
5,71.2,10.1,27.4,46864
4,71.2,10.7,27,52798
2,71.1,7.4,12.3,55052
3,71.1,8.3,21.6,53419
4,71.1,10.2,41.4,58956
3,71,9.9,39.3,40653
2,71,9.2,35.7,57710
4,71,9.5,42.7,50112
4,70.9,15.4,61.5,36760
3,70.9,8,49.3,52166
5,70.9,9.5,42.7,50112
3,70.8,5.8,44.9,43303
4,70.8,8.6,35.8,50480
2,70.8,5.6,15.9,54012
4,70.7,7.3,31.8,60296
3,70.7,15.8,44.7,36976
3,70.7,9.9,20.3,48372
3,70.6,5.8,44.9,43303
4,70.6,8.6,56.6,59329
3,70.5,4,39.1,80169
4,70.5,4,39.1,80169
3,70.5,8.6,56.6,59329
4,70.5,8,49.3,52166
3,70.5,3.6,27.4,80428
4,70.4,19.3,74.2,35407
4,70.4,9.5,42.7,50112
4,70.4,3.6,27.4,80428
3,70.3,6.2,37.1,43302
4,70.3,14.3,48.2,42725
3,70.3,20.3,40.1,36862
4,70.3,8.6,56.6,59329
2,70.3,12.5,17.6,44946
3,70.2,14.7,42.4,38514
3,70.2,13.5,15.8,46342
4,70.2,10.7,27,52798
4,70.1,10.8,52.8,43591
3,70.1,7.1,49,42807
3,70.1,7.9,37.6,51225
4,70.1,8.6,56.6,59329
3,70.1,3.3,29.4,71920
3,70.1,14.8,59.5,47892
2,70,7.1,49,42807
2,70,13.5,15.8,46342
3,69.9,8.6,56.6,59329
3,69.9,13,12.9,39735
3,69.8,8.6,32.3,50531
3,69.8,14.8,59.5,47892
4,69.8,10.1,27.4,46864
2,69.7,20.3,40.1,36862
3,69.7,5.7,41.3,48984
3,69.7,8.9,11.8,43972
3,69.6,7.6,33.1,50748
2,69.6,20.3,40.1,36862
3,69.6,10.2,41.4,58956
2,69.6,14.8,59.5,47892
3,69.5,15.4,61.5,36760
3,69.5,14.3,48.2,42725
3,69.5,20.3,40.1,36862
4,69.5,8.6,56.6,59329
4,69.5,8.6,56.6,59329
2,69.5,7.4,14.1,62963
3,69.4,10.3,17,60163
3,69.4,9.9,20.3,48372
3,69.4,5.6,15.9,54012
2,69.4,6.7,15.3,53960
4,69.3,21.7,60.7,37233
3,69.3,7.9,37.6,51225
3,69.3,8,49.3,52166
4,69.2,9.5,42.7,50112
4,69.2,9.5,42.7,50112
2,69.1,20.3,40.1,36862
3,69.1,10.5,56,46779
4,69.1,8.6,35.8,50480
2,69.1,8,49.3,52166
4,69,7.3,31.8,60296
3,68.9,16.1,64.9,35433
4,68.9,7.3,31.8,60296
3,68.9,4,39.1,80169
3,68.9,8.6,56.6,59329
2,68.9,13.5,15.8,46342
3,68.8,5.8,44.9,43303
3,68.8,15.4,61.5,36760
3,68.8,10.5,56,46779
4,68.7,12.7,52.5,44015
3,68.7,8.6,56.6,59329
3,68.7,14.7,42.4,38514
3,68.7,12.5,17.6,44946
3,68.6,8.3,21.6,53419
3,68.6,14.3,48.2,42725
3,68.6,4.9,52.7,64509
3,68.5,5.7,41.3,48984
2,68.5,8.9,11.8,43972
3,68.4,6.7,15.3,53960
2,68.4,11.1,10.4,46426
3,68.4,6.9,13,39502
3,68.3,21.7,60.7,37233
3,68.3,9.2,35.7,57710
4,68.3,7.6,11.9,43328
3,68.2,8.6,32.3,50531
3,68.1,11.3,50.3,40433
2,68.1,8,49.3,52166
4,68,7.3,31.8,60296
2,68,10.5,56,46779
4,68,8,49.3,52166
3,67.9,7.9,37.6,51225
3,67.9,10.5,56,46779
4,67.9,9.5,42.7,50112
3,67.9,11.6,16,42831
3,67.9,5.6,15.9,54012
3,67.8,8.3,21.6,53419
2,67.8,14.3,48.2,42725
4,67.8,8,49.3,52166
4,67.8,7.6,11.9,43328
1,67.7,7.4,12.3,55052
4,67.7,7.3,31.8,60296
4,67.7,4.9,52.7,64509
2,67.6,9.2,35.7,57710
3,67.6,11.8,60.4,40263
3,67.6,10.5,56,46779
3,67.5,7.6,33.1,50748
3,67.5,7.6,11.9,43328
2,67.4,7.6,33.1,50748
4,67.4,8,49.3,52166
4,67.3,11,46,41572
3,67.3,8.6,56.6,59329
4,67.3,9.5,42.7,50112
3,67.2,8.1,44.7,46355
4,67.2,7.3,31.8,60296
3,67.2,8,49.3,52166
4,67.2,8,49.3,52166
3,67.2,9.9,20.3,48372
3,67.2,9.5,42.7,50112
3,67.2,7.1,23.7,53738
3,67.1,7.6,33.1,50748
2,67.1,9.9,20.3,48372
3,67.1,13.9,15.2,49070
3,67,8.1,44.7,46355
2,67,7.4,12.3,55052
3,67,9.5,42.7,50112
2,67,6.1,8,50826
3,66.9,10.5,56,46779
2,66.9,3.6,27.4,80428
3,66.9,5.6,15.9,54012
2,66.8,11,46,41572
3,66.8,10.5,56,46779
3,66.8,10.6,26.3,42728
2,66.8,7.4,14.1,62963
2,66.8,8.8,7.6,41262
2,66.7,9.9,20.3,48372
3,66.7,8,49.3,52166
4,66.7,9.5,42.7,50112
3,66.7,7.1,23.7,53738
3,66.7,8.9,11.8,43972
3,66.6,14,39.5,42618
2,66.6,12,33.8,46411
3,66.6,5.7,41.3,48984
2,66.5,13,12.9,39735
4,66.4,8,49.3,52166
4,66.3,8.1,44.7,46355
3,66.3,16.1,64.9,35433
3,66.3,7.6,33.1,50748
3,66.3,5.4,66.5,38216
3,66.3,11.3,50.3,40433
3,66.3,4,39.1,80169
3,66.3,15.2,26.7,41869
2,66.3,12.5,17.6,44946
4,66.2,14.5,63.4,38818
1,66.2,14.7,42.4,38514
3,66.1,8.6,32.3,50531
4,66.1,7.3,31.8,60296
3,66.1,10.3,17,60163
4,66.1,8.6,56.6,59329
4,66.1,9.9,20.3,48372
3,66.1,9.9,20.3,48372
3,66.1,9.5,42.7,50112
3,66.1,7.1,23.7,53738
4,66,12.7,38.1,45517
4,66,4,18.6,51491
2,66,13.5,15.8,46342
2,66,10.6,26.3,42728
3,65.9,14,39.5,42618
3,65.9,11.8,60.4,40263
3,65.9,10.2,41.4,58956
3,65.9,3.3,29.4,71920
3,65.9,11,36.3,47757
2,65.8,20.3,40.1,36862
2,65.7,5.6,11.4,64768
3,65.7,8,49.3,52166
3,65.6,16.1,64.9,35433
3,65.6,6.2,37.1,43302
3,65.6,5.8,44.9,43303
3,65.6,18.7,61.2,38430
3,65.6,7.1,49,42807
3,65.6,4.9,52.7,64509
3,65.6,7.4,14.1,62963
2,65.6,12.5,17.6,44946
2,65.5,9.9,39.3,40653
3,65.5,10.5,56,46779
3,65.5,8,49.3,52166
3,65.5,8.7,19.3,47758
3,65.5,8.7,19.3,47758
3,65.5,10.6,26.3,42728
5,65.4,5.8,44.9,43303
3,65.4,8.3,21.6,53419
3,65.4,18.7,61.2,38430
4,65.4,4,39.1,80169
3,65.4,7.9,37.6,51225
4,65.4,8.6,56.6,59329
2,65.4,6.1,8,50826
2,65.4,12.5,17.6,44946
2,65.4,15.4,10.9,41701
4,65.3,14.5,63.4,38818
3,65.3,11,46,41572
4,65.3,11.8,60.4,40263
3,65.3,15.2,26.7,41869
3,65.3,12.5,55.3,38023
4,65.3,8,49.3,52166
3,65.3,10.7,27,52798
3,65.2,12,33.8,46411
3,65.2,11,46,41572
2,65.2,20.3,40.1,36862
3,65.2,8.6,56.6,59329
3,65.2,8,49.3,52166
3,65.2,3.4,34.2,69297
2,65.2,10.6,26.3,42728
3,65.1,12,33.8,46411
3,65.1,7.3,31.8,60296
3,65.1,4.9,15,60801
4,65,18.7,61.2,38430
3,65,10.2,41.4,58956
3,65,4,39.1,80169
4,65,8.6,56.6,59329
3,65,8.6,35.8,50480
3,65,9.9,20.3,48372
4,64.9,10.8,52.8,43591
5,64.9,14.5,63.4,38818
3,64.9,10.5,56,46779
3,64.9,10.5,56,46779
3,64.9,7.1,23.7,53738
3,64.8,5.8,44.9,43303
4,64.8,13.1,47.5,43569
3,64.8,15.4,61.5,36760
3,64.8,14.3,48.2,42725
3,64.8,6.4,21.8,59471
3,64.7,4.9,52.7,64509
4,64.7,4.9,52.7,64509
3,64.7,7.6,33.1,50748
3,64.7,6.2,37.1,43302
3,64.7,14.8,59.5,47892
2,64.7,7.6,11.9,43328
3,64.7,10.6,26.3,42728
1,64.6,7.4,12.3,55052
2,64.6,5.4,66.5,38216
2,64.6,10.3,17,60163
3,64.6,7.6,50,50122
3,64.6,8.6,56.6,59329
3,64.6,9.9,20.3,48372
3,64.6,8.7,19.3,47758
2,64.6,13.5,15.8,46342
2,64.5,7.4,12.3,55052
4,64.5,21.7,60.7,37233
3,64.5,5.7,41.3,48984
3,64.5,9.5,42.7,50112
2,64.5,12.5,17.6,44946
3,64.5,12.5,17.6,44946
3,64.4,8,49.3,52166
2,64.4,8.7,19.3,47758
3,64.3,7.9,37.6,51225
4,64.3,9.5,42.7,50112
3,64.3,10.7,27,52798
2,64.3,5.6,15.9,54012
5,64.2,15.4,61.5,36760
3,64.2,20.7,55.8,36730
4,64.2,6,23.3,60044
3,64.2,7.1,23.7,53738
3,64.2,8.9,11.8,43972
2,64.2,8.3,6.2,42878
3,64.1,4,39.1,80169
3,64.1,7.9,37.6,51225
3,64.1,13.5,15.8,46342
3,64.1,10.5,17.9,44502
3,64,10.5,56,46779
4,64,8,49.3,52166
2,64,13.9,15.2,49070
3,64,11.6,16,42831
2,64,16.5,36.7,43121
3,63.9,16.1,64.9,35433
4,63.9,7.6,50,50122
3,63.9,12.7,38.1,45517
3,63.9,8,49.3,52166
3,63.9,15.2,26.7,41869
3,63.9,6.7,15.3,53960
3,63.9,6.9,13,39502
5,63.8,21.7,60.7,37233
3,63.8,4,39.1,80169
4,63.8,8,49.3,52166
3,63.8,8,49.3,52166
4,63.8,10.1,27.4,46864
2,63.8,6.8,12.4,44080
4,63.7,5.4,66.5,38216
5,63.7,15.4,61.5,36760
2,63.7,4.9,52.7,64509
3,63.6,8.6,32.3,50531
3,63.6,8.7,19.3,47758
3,63.6,8.7,19.3,47758
4,63.6,10.7,27,52798
3,63.6,11.1,10.4,46426
4,63.5,12.8,55.2,36042
3,63.5,8.6,32.3,50531
3,63.5,4,39.1,80169
2,63.5,10.5,56,46779
3,63.5,8,49.3,52166
3,63.5,9.5,42.7,50112
4,63.5,4.9,52.7,64509
3,63.4,4,39.1,80169
3,63.4,20.3,40.1,36862
5,63.4,15.2,26.7,41869
4,63.4,8,49.3,52166
2,63.4,8.7,19.3,47758
2,63.4,3.6,27.4,80428
2,63.4,4.9,52.7,64509
2,63.4,5.5,7.1,41864
3,63.3,12.7,52.5,44015
3,63.3,7.9,37.6,51225
2,63.3,13.9,15.2,49070
2,63.3,4.9,52.7,64509
3,63.2,12,33.8,46411
4,63.2,18.7,61.2,38430
2,63.2,7.1,49,42807
4,63.2,7.3,31.8,60296
3,63.2,8.6,35.8,50480
4,63.2,10.7,27,52798
4,63.1,12.8,55.2,36042
4,63.1,10.5,56,46779
4,63.1,9.5,42.7,50112
4,63.1,4.9,52.7,64509
1,63,8.3,21.6,53419
3,63,7.3,31.8,60296
3,63,4.9,52.7,64509
2,63,9.7,8.7,51398
3,62.9,10.3,17,60163
3,62.9,9.2,35.7,57710
4,62.9,9.4,33.2,50149
3,62.9,9.9,20.3,48372
3,62.8,15.4,61.5,36760
3,62.8,10.5,56,46779
3,62.8,15.2,26.7,41869
3,62.8,9.9,20.3,48372
4,62.8,3.6,27.4,80428
3,62.8,13.9,15.2,49070
3,62.7,13.9,15.2,49070
3,62.7,6,23.3,60044
4,62.6,9.9,20.3,48372
3,62.6,8,49.3,52166
4,62.5,6,23.3,60044
3,62.4,4,18.6,51491
4,62.4,10.1,27.4,46864
2,62.4,3.6,27.4,80428
2,62.4,5.6,15.9,54012
3,62.3,11,46,41572
3,62.3,8.6,35.8,50480
3,62.2,8.3,21.6,53419
2,62.2,6,23.3,60044
2,62.2,7.6,11.9,43328
2,62.2,9.7,8.7,51398
3,62.1,8.6,32.3,50531
4,62,5.8,44.9,43303
1,62,19.3,74.2,35407
3,62,10.5,56,46779
3,62,8,49.3,52166
2,62,9.9,20.3,48372
3,62,11.1,10.4,46426
2,61.9,8.3,21.6,53419
3,61.9,10.3,17,60163
2,61.9,7.1,49,42807
3,61.9,7.6,11.9,43328
2,61.9,7.6,11.9,43328
2,61.8,7.1,49,42807
3,61.8,4,18.6,51491
3,61.8,7.6,11.9,43328
3,61.8,6.7,15.3,53960
3,61.7,8.6,56.6,59329
4,61.7,4.9,52.7,64509
2,61.6,9.9,20.3,48372
4,61.6,10.1,27.4,46864
4,61.5,15.4,61.5,36760
3,61.5,3.3,29.4,71920
3,61.5,7.7,7.3,44756
3,61.4,8.6,32.3,50531
3,61.4,4,39.1,80169
1,61.4,10.5,56,46779
2,61.4,6.1,8,50826
2,61.3,13.4,35.4,51746
3,61.3,5.8,44.9,43303
3,61.3,11.3,50.3,40433
2,61.3,19.3,74.2,35407
3,61.3,8.7,19.3,47758
2,61.3,6.1,8,50826
3,61.2,11.3,50.3,40433
3,61.2,14.5,63.4,38818
4,61.2,14.5,63.4,38818
3,61.2,15.4,61.5,36760
1,61.2,7.1,49,42807
3,61.2,6.4,21.8,59471
2,61.1,12.7,52.5,44015
4,61.1,7.3,31.8,60296
2,61,6.1,8,50826
4,61,9.5,42.7,50112
3,61,5.3,12.5,49138
3,60.9,4,39.1,80169
4,60.9,8.6,35.8,50480
4,60.9,8,49.3,52166
3,60.9,8.7,19.3,47758
4,60.9,4.9,52.7,64509
3,60.9,10.7,27,52798
3,60.8,12,33.8,46411
3,60.8,4,39.1,80169
3,60.8,4.9,15,60801
2,60.8,13.5,15.8,46342
2,60.8,8.8,7.6,41262
4,60.7,11.3,50.3,40433
2,60.7,6.1,8,50826
1,60.7,13.5,15.8,46342
3,60.7,4.9,52.7,64509
3,60.7,10.7,27,52798
2,60.6,7.4,12.3,55052
3,60.6,9.5,42.7,50112
3,60.6,10.1,27.4,46864
3,60.6,6,23.3,60044
2,60.5,14.3,48.2,42725
4,60.5,8.6,35.8,50480
3,60.5,8,49.3,52166
3,60.5,7.4,14.1,62963
2,60.5,5.5,7.1,41864
3,60.4,11.6,25,46447
3,60.4,7.3,31.8,60296
3,60.4,4,39.1,80169
3,60.4,12.5,17.6,44946
3,60.3,14.5,63.4,38818
3,60.3,4,39.1,80169
3,60.3,4,39.1,80169
3,60.3,10.5,56,46779
4,60.3,8,49.3,52166
2,60.3,5.3,12.5,49138
3,60.3,10.7,27,52798
3,60.2,4,39.1,80169
3,60.2,4,39.1,80169
3,60.2,15.2,26.7,41869
3,60.2,8,49.3,52166
4,60.2,8.7,19.3,47758
4,60.2,10.7,27,52798
2,60.2,7.6,11.9,43328
3,60.1,14.8,59.5,47892
3,60.1,9.9,20.3,48372
3,60.1,4.9,52.7,64509
2,60.1,5.5,7.1,41864
3,60.1,6.7,15.3,53960
5,60,10.1,27.4,46864
3,60,7.3,31.8,60296
2,60,9.9,20.3,48372
3,60,3.6,27.4,80428
3,60,13.5,15.8,46342
3,60,4.9,52.7,64509
4,60,6,23.3,60044
2,60,12.5,17.6,44946
5,60,15.4,10.9,41701
4,59.9,8.6,56.6,59329
3,59.9,8,49.3,52166
3,59.9,7.4,14.1,62963
2,59.9,10.6,26.3,42728
2,59.9,8.9,11.8,43972
3,59.9,6.7,15.3,53960
2,59.8,7.4,12.3,55052
2,59.8,5.8,44.9,43303
3,59.8,5.8,44.9,43303
3,59.8,14.3,48.2,42725
3,59.8,4,39.1,80169
3,59.8,8.6,56.6,59329
2,59.8,6,23.3,60044
3,59.8,6.8,12.4,44080
3,59.7,10.1,27,48337
3,59.7,18.7,61.2,38430
4,59.7,8,49.3,52166
3,59.7,7.1,23.7,53738
3,59.7,6.7,15.3,53960
3,59.7,10.5,17.9,44502
2,59.6,7.4,12.3,55052
1,59.6,10.3,17,60163
4,59.6,8.6,56.6,59329
3,59.6,8.6,35.8,50480
3,59.6,6.6,7.4,48489
3,59.6,6.7,7.5,43967
3,59.5,9.9,39.3,40653
2,59.5,10.5,56,46779
4,59.5,8,49.3,52166
3,59.5,15.2,26.7,41869
4,59.5,8,49.3,52166
2,59.4,15.4,61.5,36760
3,59.4,14.8,59.5,47892
2,59.4,10.7,27,52798
4,59.4,10.6,26.3,42728
2,59.4,10.6,26.3,42728
3,59.3,7.9,37.6,51225
3,59.3,9.5,42.7,50112
3,59.3,13.8,6.7,47183
3,59.2,5.8,44.9,43303
4,59.2,7.3,31.8,60296
3,59.2,7.9,37.6,51225
2,59.2,6,23.3,60044
3,59.2,7.1,23.7,53738
2,59.2,6.7,7.5,43967
2,59.2,6.7,15.3,53960
3,59.1,7.3,31.8,60296
3,59.1,10.5,56,46779
2,59.1,5.7,27.3,73703
2,59.1,13.5,15.8,46342
2,59.1,7.1,23.7,53738
3,59,10.5,56,46779
3,59,11,36.3,47757
3,59,6.7,7.5,43967
2,59,13.8,6.7,47183
3,58.9,8.6,32.3,50531
4,58.9,4,39.1,80169
3,58.9,8,49.3,52166
2,58.9,13.5,15.8,46342
2,58.9,6.7,15.3,53960
2,58.8,9.2,35.7,57710
3,58.8,7.9,37.6,51225
3,58.8,8.6,56.6,59329
2,58.7,7.1,49,42807
3,58.7,15.2,26.7,41869
3,58.7,9.5,42.7,50112
3,58.7,10.1,27.4,46864
3,58.7,10.1,27.4,46864
3,58.7,4.9,52.7,64509
3,58.6,11.6,25,46447
4,58.6,8,49.3,52166
2,58.6,4.9,52.7,64509
1,58.6,7.7,7.3,44756
4,58.5,7.6,50,50122
3,58.5,8,49.3,52166
3,58.5,15.4,10.9,41701
3,58.4,11.8,60.4,40263
3,58.4,7.9,37.6,51225
3,58.4,10.6,26.3,42728
2,58.3,7.4,12.3,55052
2,58.3,7.1,49,42807
4,58.3,8.6,56.6,59329
3,58.3,8.6,56.6,59329
3,58.3,7.9,37.6,51225
2,58.3,11.1,10.4,46426
4,58.2,4,39.1,80169
3,58.2,7.6,33.1,50748
3,58.2,16.1,64.9,35433
3,58.2,13.1,47.5,43569
4,58.2,5.4,66.5,38216
3,58.2,8,49.3,52166
2,58.2,13.5,15.8,46342
3,58.2,4.9,52.7,64509
2,58.2,7.6,11.9,43328
2,58.2,12.5,17.6,44946
2,58.2,7.7,7.3,44756
3,58.2,6.7,15.3,53960
4,58.1,8.6,56.6,59329
2,58.1,3.4,34.2,69297
2,58.1,12.5,17.6,44946
2,58.1,16.5,36.7,43121
3,58,12,33.8,46411
3,58,8,49.3,52166
3,57.9,5.8,44.9,43303
3,57.9,11,46,41572
3,57.8,10.5,56,46779
3,57.8,8,49.3,52166
3,57.8,8,49.3,52166
3,57.8,10.1,27.4,46864
3,57.8,7.1,23.7,53738
3,57.8,10.7,27,52798
2,57.7,7.6,33.1,50748
4,57.7,11.8,60.4,40263
3,57.7,6.4,21.8,59471
3,57.7,8.7,19.3,47758
3,57.7,4.9,52.7,64509
2,57.6,11,46,41572
3,57.6,9.4,33.2,50149
4,57.6,8.6,35.8,50480
3,57.5,7.9,37.6,51225
3,57.5,7.6,11.9,43328
4,57.4,15.4,61.5,36760
3,57.4,11.8,60.4,40263
3,57.4,8.6,56.6,59329
2,57.4,12.7,38.1,45517
3,57.3,10.3,17,60163
3,57.3,10.5,56,46779
3,57.3,8.6,56.6,59329
2,57.3,6.4,21.8,59471
3,57.3,9.9,20.3,48372
2,57.3,8,49.3,52166
3,57.3,8.7,19.3,47758
4,57.3,4.9,52.7,64509
2,57.3,6.7,15.3,53960
3,57.2,11,46,41572
3,57.2,10.1,27.4,46864
2,57.2,13.8,6.7,47183
4,57.1,8.1,44.7,46355
3,57.1,15.2,26.7,41869
4,57.1,3.4,34.2,69297
3,57,4.9,52.7,64509
3,57,7.6,50,50122
2,56.9,8.1,44.7,46355
3,56.9,8.3,21.6,53419
3,56.9,7.3,31.8,60296
3,56.9,10.5,56,46779
4,56.9,10.1,27.4,46864
4,56.9,4.9,52.7,64509
2,56.8,8,49.3,52166
4,56.8,4,18.6,51491
1,56.7,10.8,52.8,43591
4,56.7,16.1,64.9,35433
3,56.7,6.4,21.8,59471
4,56.7,8.7,19.3,47758
3,56.7,4.9,52.7,64509
1,56.6,5.8,44.9,43303
3,56.6,12,33.8,46411
3,56.6,14.3,48.2,42725
3,56.6,4,18.6,51491
3,56.6,10.1,27.4,46864
1,56.6,7.8,5.1,44693
3,56.5,5.8,44.9,43303
3,56.5,9.2,35.7,57710
3,56.5,9.9,20.3,48372
2,56.5,6.6,7.4,48489
3,56.4,9.5,42.7,50112
3,56.3,8.6,32.3,50531
4,56.3,8.6,56.6,59329
1,56.3,8.6,56.6,59329
3,56.3,8.7,19.3,47758
2,56.3,4.9,52.7,64509
4,56.3,6.7,15.3,53960
2,56.2,8.1,44.7,46355
2,56.2,8.6,32.3,50531
3,56.2,5.8,44.9,43303
1,56.2,5.7,41.3,48984
3,56.2,5.7,41.3,48984
4,56.2,4.9,52.7,64509
2,56.1,9.9,20.3,48372
2,56.1,4,18.6,51491
3,56,8.6,32.3,50531
1,56,10.5,56,46779
3,56,4,39.1,80169
3,56,4.9,15,60801
3,56,3.6,27.4,80428
4,56,4.9,52.7,64509
3,56,8.9,11.8,43972
3,55.9,7.6,50,50122
2,55.9,10.5,56,46779
3,55.9,8.6,35.8,50480
4,55.9,8.6,35.8,50480
2,55.9,9.9,20.3,48372
3,55.8,10.5,56,46779
4,55.8,4.9,52.7,64509
2,55.8,10.6,26.3,42728
2,55.8,10.6,26.3,42728
2,55.7,8.3,21.6,53419
4,55.7,7.6,50,50122
1,55.7,11,46,41572
3,55.7,4,39.1,80169
3,55.7,6.4,21.8,59471
3,55.7,8,49.3,52166
3,55.7,9.9,20.3,48372
4,55.7,4.9,52.7,64509
2,55.7,15.4,10.9,41701
3,55.6,10.1,27,48337
3,55.6,5.8,44.9,43303
2,55.6,10.3,17,60163
3,55.6,6.1,8,50826
4,55.5,14.5,63.4,38818
2,55.5,10.3,17,60163
3,55.5,10.7,27,52798
2,55.5,10.5,17.9,44502
3,55.4,10.1,27.4,46864
3,55.4,8.6,32.3,50531
1,55.4,11.3,50.3,40433
3,55.4,14.5,63.4,38818
3,55.4,7.6,50,50122
3,55.4,6.1,8,50826
2,55.4,5.5,7.1,41864
2,55.4,7.7,7.3,44756
3,55.3,11.3,50.3,40433
3,55.3,10.5,56,46779
4,55.3,8.6,35.8,50480
2,55.3,8.7,19.3,47758
3,55.3,4.9,52.7,64509
3,55.3,8.3,6.2,42878
4,55.2,5.4,66.5,38216
2,55.2,15.2,26.7,41869
4,55.2,12.5,55.3,38023
2,55.1,10.2,41.4,58956
3,55.1,10.2,41.4,58956
3,55.1,10.5,56,46779
4,55.1,12.7,38.1,45517
3,55.1,15.2,26.7,41869
3,55.1,8.7,19.3,47758
2,55.1,4.9,52.7,64509
3,55.1,6.7,15.3,53960
2,55,8.3,21.6,53419
3,55,8,49.3,52166
3,55,8,49.3,52166
3,55,10.7,27,52798
3,55,10.7,27,52798
2,55,11.1,10.4,46426
3,54.9,8.6,56.6,59329
2,54.9,10.5,56,46779
3,54.9,8,49.3,52166
3,54.9,10.7,27,52798
2,54.9,10.6,26.3,42728
3,54.9,8.9,11.8,43972
2,54.9,6.7,15.3,53960
3,54.9,6.7,15.3,53960
3,54.8,4,39.1,80169
2,54.8,13.9,15.2,49070
3,54.8,4.9,52.7,64509
3,54.7,11.6,25,46447
3,54.7,11,46,41572
2,54.7,10.5,56,46779
2,54.7,8.7,19.3,47758
2,54.7,3.6,27.4,80428
3,54.6,8.3,21.6,53419
3,54.6,15.2,26.7,41869
3,54.6,15.2,26.7,41869
2,54.6,7.1,23.7,53738
3,54.5,8.9,11.8,43972
3,54.5,4,39.1,80169
3,54.5,8,49.3,52166
3,54.5,3.4,34.2,69297
3,54.5,7.4,14.1,62963
2,54.4,14.3,48.2,42725
1,54.4,7.1,49,42807
3,54.4,9.4,33.2,50149
3,54.4,9.9,20.3,48372
2,54.4,6,23.3,60044
4,54.3,13.1,47.5,43569
2,54.3,7.6,50,50122
2,54.3,5.7,27.3,73703
1,54.3,13.9,15.2,49070
3,54.3,12.5,17.6,44946
3,54.2,7.1,49,42807
3,54.2,8.6,56.6,59329
3,54.2,10.5,56,46779
3,54.2,9.5,42.7,50112
2,54.2,10.6,26.3,42728
3,54.2,6.6,7.4,48489
3,54.1,8.1,44.7,46355
2,54.1,7.6,33.1,50748
2,54.1,5.8,44.9,43303
3,54.1,8.6,32.3,50531
2,54.1,8,49.3,52166
2,54.1,10.1,27.4,46864
3,54,7.6,33.1,50748
4,53.9,8.1,44.7,46355
2,53.9,8.1,44.7,46355
3,53.9,8.6,32.3,50531
3,53.9,4.9,52.7,64509
2,53.9,4.9,52.7,64509
2,53.9,11.1,10.4,46426
2,53.8,7.6,33.1,50748
3,53.8,11,46,41572
2,53.8,15.2,26.7,41869
3,53.8,8,49.3,52166
3,53.8,8.7,19.3,47758
3,53.8,9.5,42.7,50112
3,53.8,8.7,19.3,47758
3,53.8,4.9,52.7,64509
3,53.8,7.1,23.7,53738
3,53.7,5.8,44.9,43303
2,53.7,10.5,56,46779
2,53.7,14.8,59.5,47892
3,53.7,10.7,27,52798
3,53.7,7.1,23.7,53738
3,53.7,7.1,23.7,53738
2,53.7,5.6,15.9,54012
1,53.6,8.6,56.6,59329
3,53.6,11,36.3,47757
5,53.6,10.1,27.4,46864
3,53.6,5.3,12.5,49138
2,53.6,7.6,11.9,43328
3,53.6,7.8,5.1,44693
3,53.5,12.8,55.2,36042
3,53.5,8.6,32.3,50531
3,53.5,4,39.1,80169
2,53.5,8.6,35.8,50480
1,53.5,8,49.3,52166
3,53.5,8,49.3,52166
3,53.5,3.6,27.4,80428
4,53.5,10.1,27.4,46864
3,53.5,4.9,52.7,64509
2,53.5,7.1,23.7,53738
2,53.5,10.6,26.3,42728
3,53.5,9.7,8.7,51398
3,53.4,5.8,44.9,43303
3,53.4,7.6,50,50122
3,53.4,11,46,41572
2,53.4,3.4,34.2,69297
2,53.3,3.4,34.2,69297
3,53.3,9.7,8.7,51398
3,53.2,18.7,61.2,38430
3,53.2,8.6,56.6,59329
3,53.2,6.1,8,50826
4,53.2,10.1,27.4,46864
3,53.2,3.6,27.4,80428
2,53.2,7.4,14.1,62963
2,53.2,15.4,10.9,41701
1,53.1,12,33.8,46411
2,53.1,8.6,32.3,50531
3,53.1,9.2,35.7,57710
1,53.1,10.5,56,46779
3,53.1,8.6,35.8,50480
3,53.1,4.9,52.7,64509
4,53,8.1,44.7,46355
3,53,8.6,32.3,50531
3,53,6.7,15.3,53960
3,52.9,9.2,35.7,57710
2,52.9,8.9,11.8,43972
3,52.9,8.9,11.8,43972
3,52.8,15.4,61.5,36760
3,52.8,4.9,52.7,64509
2,52.7,4.9,52.7,64509
3,52.7,13.9,15.2,49070
2,52.7,7.7,7.3,44756
5,52.6,5.8,44.9,43303
4,52.6,4.9,52.7,64509
3,52.6,10.6,26.3,42728
2,52.5,8.1,44.7,46355
3,52.5,14,39.5,42618
4,52.5,13.1,47.5,43569
3,52.5,7.9,37.6,51225
2,52.5,14.8,59.5,47892
2,52.5,9.9,20.3,48372
3,52.5,8,49.3,52166
2,52.5,13.5,15.8,46342
3,52.5,3.4,34.2,69297
5,52.5,4.9,52.7,64509
2,52.5,4.9,52.7,64509
2,52.5,15.4,10.9,41701
3,52.5,6.9,13,39502
3,52.4,5.6,11.4,64768
3,52.4,10.1,27,48337
3,52.4,13.4,35.4,51746
2,52.4,8.3,21.6,53419
3,52.4,7.6,50,50122
3,52.4,8.6,35.8,50480
3,52.4,4,18.6,51491
4,52.4,9.5,42.7,50112
2,52.4,4.9,52.7,64509
3,52.4,4.9,52.7,64509
3,52.3,8.1,44.7,46355
3,52.3,11,46,41572
3,52.3,3.3,29.4,71920
2,52.3,8,49.3,52166
2,52.3,7.4,14.1,62963
3,52.2,4,39.1,80169
2,52.2,9.5,42.7,50112
2,52.2,6.8,12.4,44080
2,52.2,10.6,26.3,42728
2,52.2,12.5,17.6,44946
2,52.1,7.4,12.3,55052
3,52.1,3.3,29.4,71920
4,52.1,15.2,26.7,41869
2,52,10.5,56,46779
3,52,8.6,35.8,50480
3,52,8.7,19.3,47758
3,51.9,7.3,31.8,60296
3,51.9,7.9,37.6,51225
3,51.9,13,12.9,39735
3,51.8,13.4,35.4,51746
3,51.8,9.5,42.7,50112
4,51.8,9.5,42.7,50112
3,51.8,9.5,42.7,50112
2,51.8,13.9,15.2,49070
3,51.8,13.5,15.8,46342
2,51.8,12.5,17.6,44946
2,51.8,4.2,11.6,50467
2,51.8,13.8,6.7,47183
3,51.7,12.7,52.5,44015
4,51.7,4.9,52.7,64509
2,51.7,10.6,26.3,42728
3,51.7,6.7,7.5,43967
2,51.7,13.8,6.7,47183
3,51.6,10.3,17,60163
2,51.6,10.5,56,46779
3,51.6,10.1,27.4,46864
2,51.6,10.1,27.4,46864
3,51.6,4.9,52.7,64509
3,51.6,10.7,27,52798
3,51.6,15.4,10.9,41701
3,51.5,8,49.3,52166
2,51.5,7.1,23.7,53738
3,51.5,5.5,7.1,41864
3,51.4,8.6,32.3,50531
3,51.4,15.4,61.5,36760
3,51.4,11.3,50.3,40433
4,51.4,7.6,50,50122
3,51.4,8.6,56.6,59329
4,51.4,8.6,56.6,59329
3,51.4,4,18.6,51491
3,51.4,4.9,52.7,64509
4,51.3,4,39.1,80169
3,51.3,9.5,42.7,50112
2,51.3,9.5,42.7,50112
3,51.3,3.4,34.2,69297
3,51.3,4.9,52.7,64509
3,51.2,11,46,41572
3,51.2,10.7,27,52798
3,51.1,7.6,33.1,50748
2,51.1,6.1,8,50826
3,51.1,10.1,27.4,46864
3,51.1,3.6,27.4,80428
3,51.1,4.9,52.7,64509
3,51,8.6,32.3,50531
3,51,12.7,52.5,44015
1,51,10.5,56,46779
2,50.9,10.5,56,46779
3,50.9,6.4,21.8,59471
3,50.9,8,49.3,52166
3,50.9,6.1,8,50826
4,50.9,10.1,27.4,46864
3,50.8,4,39.1,80169
3,50.8,8.6,56.6,59329
3,50.8,7.6,11.9,43328
2,50.7,11,46,41572
2,50.7,10.5,56,46779
3,50.7,8.6,56.6,59329
3,50.7,10.5,56,46779
3,50.7,12.7,38.1,45517
4,50.7,12.5,55.3,38023
3,50.7,8.7,19.3,47758
3,50.7,3.4,34.2,69297
3,50.7,4.9,52.7,64509
2,50.7,10.7,27,52798
2,50.6,7.6,33.1,50748
2,50.6,10.5,56,46779
3,50.5,8.6,32.3,50531
2,50.5,4,18.6,51491
4,50.5,3.4,34.2,69297
4,50.5,4.9,52.7,64509
3,50.5,4.9,52.7,64509
3,50.5,10.7,27,52798
2,50.4,7.1,23.7,53738
2,50.4,12.5,17.6,44946
3,50.3,7.6,50,50122
3,50.3,4,39.1,80169
3,50.3,9.4,33.2,50149
3,50.3,9.9,20.3,48372
4,50.3,8.7,19.3,47758
3,50.3,9.5,42.7,50112
3,50.3,4.9,52.7,64509
4,50.2,12,33.8,46411
3,50.2,4,39.1,80169
2,50.2,4,39.1,80169
3,50.1,14.5,63.4,38818
3,50.1,7.9,37.6,51225
3,50.1,3.4,34.2,69297
3,50.1,4.9,52.7,64509
2,50.1,7.1,23.7,53738
2,50.1,7.1,23.7,53738
3,50.1,6.7,15.3,53960
3,50,10.5,56,46779
3,50,9.9,20.3,48372
3,50,7.1,23.7,53738
2,50,10.6,26.3,42728
1,50,15.4,10.9,41701
3,49.9,5.8,44.9,43303
4,49.9,7.3,31.8,60296
3,49.9,8,49.3,52166
2,49.9,4.9,15,60801
3,49.9,3.4,34.2,69297
2,49.9,4.9,52.7,64509
3,49.9,4.9,52.7,64509
2,49.9,6.7,15.3,53960
2,49.8,8.3,21.6,53419
2,49.8,8.3,21.6,53419
3,49.8,7.6,50,50122
2,49.8,10.5,56,46779
3,49.8,8.6,35.8,50480
2,49.8,8,49.3,52166
4,49.8,10.1,27.4,46864
3,49.7,4,39.1,80169
4,49.7,4.9,52.7,64509
2,49.7,7.1,23.7,53738
2,49.7,13,12.9,39735
2,49.7,13.8,6.7,47183
2,49.6,7.4,12.3,55052
4,49.6,4.9,52.7,64509
2,49.6,7.8,5.1,44693
2,49.5,10.5,56,46779
2,49.5,4,18.6,51491
3,49.5,10.7,27,52798
3,49.5,10.7,27,52798
2,49.4,5.6,11.4,64768
3,49.4,6,23.3,60044
2,49.4,4.9,52.7,64509
3,49.4,5.6,15.9,54012
3,49.3,7.6,50,50122
1,49.3,6.7,23.9,54900
4,49.3,7.3,31.8,60296
2,49.3,10.5,56,46779
3,49.3,9.5,42.7,50112
3,49.3,4.9,52.7,64509
3,49.3,10.6,26.3,42728
3,49.2,7.9,37.6,51225
3,49.2,3.4,34.2,69297
3,49.2,10.7,27,52798
3,49.2,10.7,27,52798
3,49.2,8.8,7.6,41262
2,49.1,2.8,11.5,64426
3,49.1,4.9,52.7,64509
2,49.1,6,23.3,60044
3,49,13.4,35.4,51746
2,49,3.4,34.2,69297
2,48.9,5.8,44.9,43303
4,48.9,14.5,63.4,38818
3,48.9,11,46,41572
1,48.9,8,49.3,52166
1,48.9,11,36.3,47757
3,48.9,6.1,8,50826
3,48.9,4.9,52.7,64509
2,48.9,12.5,17.6,44946
1,48.9,7.8,5.1,44693
2,48.9,13.8,6.7,47183
2,48.8,4,39.1,80169
3,48.8,11.6,25,46447
2,48.8,9.7,8.7,51398
2,48.7,8,49.3,52166
1,48.6,8.3,21.6,53419
4,48.6,3.4,34.2,69297
2,48.6,4.9,52.7,64509
3,48.6,4.9,52.7,64509
2,48.6,6.6,7.4,48489
2,48.6,6.7,15.3,53960
4,48.5,7.6,50,50122
4,48.5,4,39.1,80169
3,48.5,4.9,52.7,64509
3,48.5,4.9,52.7,64509
4,48.5,4.9,52.7,64509
2,48.5,6,23.3,60044
2,48.5,11.6,16,42831
3,48.5,16.5,36.7,43121
2,48.4,4,39.1,80169
3,48.4,4,39.1,80169
2,48.4,8.9,11.8,43972
3,48.3,8.7,19.3,47758
2,48.3,6.8,12.4,44080
2,48.3,13.8,6.7,47183
2,48.2,9.4,33.2,50149
3,48.2,12.7,38.1,45517
2,48.2,9.5,42.7,50112
2,48.2,13.5,15.8,46342
2,48.2,6.8,12.4,44080
3,48.2,7.6,11.9,43328
3,48.2,6.7,15.3,53960
3,48.2,8.8,7.6,41262
2,48.1,8.6,32.3,50531
3,48.1,8,49.3,52166
3,48.1,4.9,52.7,64509
3,48.1,6,23.3,60044
3,48.1,10.7,27,52798
2,48.1,5.6,15.9,54012
2,48,8.3,21.6,53419
2,48,10.5,56,46779
3,48,4,18.6,51491
3,48,9.5,42.7,50112
2,48,10.6,26.3,42728
3,48,7.8,5.1,44693
3,47.9,5.8,44.9,43303
2,47.9,11.6,16,42831
2,47.9,11.6,16,42831
2,47.8,2.8,11.5,64426
5,47.8,5.8,44.9,43303
2,47.8,4,39.1,80169
2,47.8,10.5,56,46779
2,47.8,5.7,27.3,73703
2,47.8,6.4,21.8,59471
3,47.8,10.7,27,52798
2,47.8,6.7,15.3,53960
3,47.7,9.9,20.3,48372
3,47.7,4.9,52.7,64509
2,47.7,8.8,7.6,41262
3,47.6,8,49.3,52166
3,47.6,9.5,42.7,50112
2,47.6,7.1,23.7,53738
3,47.6,10.7,27,52798
3,47.6,7.1,23.7,53738
3,47.6,7.6,11.9,43328
3,47.6,8.8,7.6,41262
2,47.5,15.2,26.7,41869
3,47.5,10.1,27.4,46864
3,47.5,7.1,23.7,53738
2,47.4,7.6,33.1,50748
4,47.4,7.6,50,50122
3,47.4,3.6,27.4,80428
3,47.4,10.7,27,52798
2,47.3,5.6,11.4,64768
3,47.3,8.6,32.3,50531
2,47.3,4.9,52.7,64509
2,47.3,10.7,27,52798
2,47.3,11.1,10.4,46426
3,47.2,11,46,41572
3,47.2,4,39.1,80169
3,47.2,9.5,42.7,50112
3,47.2,4.9,52.7,64509
3,47.1,4,39.1,80169
3,47.1,8.6,35.8,50480
2,47.1,3.4,34.2,69297
2,47.1,10.1,27.4,46864
3,47.1,6,23.3,60044
2,47.1,10.6,26.3,42728
3,47.1,11.6,16,42831
3,47,8.6,32.3,50531
2,46.9,12.7,52.5,44015
3,46.9,4,39.1,80169
3,46.9,4,39.1,80169
4,46.9,8.7,19.3,47758
2,46.9,12.5,55.3,38023
3,46.9,6.8,12.4,44080
2,46.9,15.4,10.9,41701
2,46.9,4.2,11.6,50467
3,46.8,12.7,52.5,44015
1,46.8,10.3,17,60163
2,46.8,8.6,35.8,50480
2,46.8,8,49.3,52166
3,46.8,4.9,52.7,64509
3,46.8,7.4,14.1,62963
3,46.7,8,49.3,52166
3,46.7,8,49.3,52166
1,46.7,10.6,26.3,42728
4,46.6,14.5,63.4,38818
5,46.6,18.7,61.2,38430
3,46.6,3.3,29.4,71920
1,46.6,20.7,55.8,36730
3,46.6,3.4,34.2,69297
3,46.6,6.8,12.4,44080
3,46.6,7.4,14.1,62963
2,46.6,6.7,15.3,53960
2,46.5,3.6,27.4,80428
3,46.5,7.1,23.7,53738
3,46.4,8.6,35.8,50480
2,46.4,8,49.3,52166
3,46.4,5.6,15.9,54012
3,46.3,3.3,29.4,71920
2,46.3,8.6,35.8,50480
4,46.3,9.5,42.7,50112
2,46.3,7.1,23.7,53738
2,46.3,7.1,23.7,53738
2,46.3,7.7,7.3,44756
4,46.2,7.6,50,50122
2,46.2,8.6,56.6,59329
2,46.2,9.9,20.3,48372
3,46.2,4.9,52.7,64509
2,46.2,13.8,6.7,47183
4,46.1,10.1,27.4,46864
2,46.1,5.6,15.9,54012
2,46,10.5,56,46779
3,46,9.9,20.3,48372
2,46,11.6,16,42831
3,45.9,8.6,32.3,50531
2,45.9,7.1,49,42807
3,45.9,9.5,42.7,50112
2,45.9,10.7,27,52798
2,45.9,12.5,17.6,44946
1,45.8,7.6,33.1,50748
2,45.8,4,39.1,80169
3,45.7,8,49.3,52166
2,45.7,8,49.3,52166
3,45.7,9.5,42.7,50112
2,45.7,4,18.6,51491
3,45.7,10.1,27.4,46864
3,45.7,3.4,34.2,69297
3,45.7,6.7,15.3,53960
2,45.6,3.6,27.4,80428
3,45.6,6,23.3,60044
2,45.6,6.7,15.3,53960
3,45.5,12.7,52.5,44015
1,45.5,11.8,60.4,40263
2,45.5,5.7,41.3,48984
2,45.5,8.6,35.8,50480
2,45.5,7.6,11.9,43328
3,45.5,6.7,15.3,53960
3,45.5,10.5,17.9,44502
3,45.4,2.8,11.5,64426
3,45.4,13.4,35.4,51746
2,45.4,10.5,56,46779
2,45.4,10.6,26.3,42728
3,45.4,13.8,6.7,47183
3,45.3,4,39.1,80169
2,45.3,9.9,20.3,48372
2,45.3,13.5,15.8,46342
3,45.3,6.8,12.4,44080
2,45.2,9.2,35.7,57710
3,45.2,4,39.1,80169
2,45.2,10.5,56,46779
2,45.2,6.1,8,50826
3,45.2,9.5,42.7,50112
3,45.2,6.7,15.3,53960
3,45.1,7.6,33.1,50748
1,45.1,13.5,15.8,46342
2,45.1,6,23.3,60044
1,45.1,13.8,6.7,47183
2,45,12.7,52.5,44015
3,45,10.5,56,46779
3,45,8.7,19.3,47758
3,45,9.5,42.7,50112
2,45,9.5,42.7,50112
2,45,7.7,7.3,44756
2,44.9,7.3,31.8,60296
3,44.9,6.1,8,50826
3,44.9,4.9,52.7,64509
2,44.9,4.9,52.7,64509
3,44.9,10.6,26.3,42728
3,44.8,7.3,31.8,60296
3,44.8,10.1,27.4,46864
2,44.7,5.8,44.9,43303
3,44.7,7.3,31.8,60296
2,44.7,10.2,41.4,58956
4,44.7,9.5,42.7,50112
3,44.6,6.9,49.7,36765
2,44.6,4,18.6,51491
1,44.6,5.6,15.9,54012
3,44.6,9.7,8.7,51398
3,44.5,13.9,15.2,49070
3,44.5,10.7,27,52798
2,44.5,6.7,15.3,53960
2,44.4,10.2,41.4,58956
3,44.4,7.3,31.8,60296
3,44.4,10.1,27.4,46864
2,44.4,10.1,27.4,46864
3,44.4,7.1,23.7,53738
2,44.4,6.7,15.3,53960
3,44.3,14.5,63.4,38818
3,44.3,4.9,52.7,64509
2,44.3,5.3,12.5,49138
1,44.2,5.8,44.9,43303
2,44.2,8.3,21.6,53419
2,44.2,4,39.1,80169
2,44.2,13.5,15.8,46342
2,44.2,10.7,27,52798
2,44.2,6.7,15.3,53960
3,44.2,6.7,15.3,53960
2,44.1,6.1,8,50826
2,44,9.4,33.2,50149
3,44,4.9,52.7,64509
2,44,6.7,15.3,53960
3,43.9,7.9,37.6,51225
1,43.9,4.9,15,60801
2,43.9,4.9,52.7,64509
2,43.9,7.6,11.9,43328
2,43.8,8.6,32.3,50531
1,43.8,8.6,35.8,50480
3,43.8,4,18.6,51491
2,43.8,6.7,15.3,53960
3,43.7,3.4,34.2,69297
2,43.7,10.7,27,52798
1,43.6,9.2,35.7,57710
3,43.6,3.4,34.2,69297
4,43.5,6.9,49.7,36765
3,43.5,3.4,34.2,69297
4,43.5,4.9,52.7,64509
3,43.4,8.6,56.6,59329
2,43.4,9.5,42.7,50112
2,43.4,3.4,34.2,69297
2,43.4,10.6,26.3,42728
4,43.3,6.9,49.7,36765
1,43.3,5.6,15.9,54012
2,43.2,11,46,41572
3,43.2,7.3,31.8,60296
2,43.2,4,39.1,80169
2,43.2,15.2,26.7,41869
2,43.2,9.9,20.3,48372
2,43.2,6.7,15.3,53960
2,43.1,8.3,21.6,53419
2,43.1,7.6,11.9,43328
2,43.1,7.7,7.3,44756
2,43.1,5.6,15.9,54012
3,43,21.7,60.7,37233
3,42.9,8.6,32.3,50531
3,42.9,8.6,32.3,50531
2,42.9,6.7,23.9,54900
2,42.9,8,49.3,52166
2,42.9,4.9,52.7,64509
2,42.9,8.8,7.6,41262
4,42.8,13.1,47.5,43569
3,42.8,4,39.1,80169
3,42.8,10.2,41.4,58956
3,42.8,15.2,26.7,41869
3,42.8,10.7,27,52798
2,42.7,8.7,19.3,47758
2,42.6,13.5,15.8,46342
2,42.6,4.9,52.7,64509
2,42.5,5.6,11.4,64768
3,42.5,8.3,21.6,53419
4,42.5,4.9,52.7,64509
1,42.5,4.9,52.7,64509
3,42.4,4.9,52.7,64509
3,42.4,11.1,10.4,46426
3,42.3,9.2,35.7,57710
3,42.3,7.9,37.6,51225
3,42.3,4.9,52.7,64509
2,42.3,7.1,23.7,53738
3,42.3,7.6,11.9,43328
3,42.3,7.6,11.9,43328
3,42.3,8.3,6.2,42878
2,42.2,5.6,11.4,64768
2,42.2,7.9,37.6,51225
3,42.2,4.9,52.7,64509
2,42.2,5.3,12.5,49138
3,42.1,12,33.8,46411
3,42.1,11,46,41572
2,42.1,9.9,20.3,48372
2,42.1,12.5,55.3,38023
2,42.1,4.9,52.7,64509
3,42.1,6,23.3,60044
3,42.1,4.9,52.7,64509
2,42.1,5.3,12.5,49138
2,42.1,12.5,17.6,44946
2,42,4,39.1,80169
3,42,8,49.3,52166
3,42,4.9,52.7,64509
3,42,12.5,17.6,44946
3,42,10.5,17.9,44502
2,41.9,12.7,52.5,44015
2,41.9,11.6,16,42831
4,41.8,14.5,63.4,38818
2,41.8,8,49.3,52166
2,41.8,5.3,12.5,49138
2,41.8,7.1,23.7,53738
2,41.7,4,39.1,80169
3,41.7,3.4,34.2,69297
2,41.7,3.6,27.4,80428
3,41.7,4.9,52.7,64509
1,41.7,13.8,6.7,47183
2,41.6,12.7,52.5,44015
3,41.6,9.9,20.3,48372
2,41.6,9.5,42.7,50112
2,41.6,6.1,8,50826
4,41.6,6.8,12.4,44080
3,41.6,6.7,7.5,43967
2,41.5,7.1,49,42807
3,41.5,3.3,29.4,71920
2,41.5,4.2,11.6,50467
2,41.5,6.7,15.3,53960
2,41.4,7.4,12.3,55052
2,41.4,8,49.3,52166
2,41.3,3.3,29.4,71920
3,41.3,6.8,12.4,44080
2,41.2,14.8,59.5,47892
2,41.2,8.6,35.8,50480
4,41.2,6,23.3,60044
2,41.2,11.1,10.4,46426
2,41.1,5.7,27.3,73703
1,41.1,3.4,34.2,69297
2,41.1,6.7,15.3,53960
2,41,4,39.1,80169
3,41,4,18.6,51491
3,41,3.6,27.4,80428
2,40.9,8,49.3,52166
3,40.9,4.9,52.7,64509
2,40.9,11.6,16,42831
2,40.9,4.2,11.6,50467
2,40.9,13.8,6.7,47183
2,40.8,8.6,35.8,50480
1,40.8,8,49.3,52166
3,40.8,3.4,34.2,69297
1,40.8,4.9,52.7,64509
2,40.8,11.6,16,42831
2,40.7,5.7,27.3,73703
4,40.7,4.9,52.7,64509
3,40.7,4.9,52.7,64509
3,40.7,6.8,12.4,44080
3,40.6,8.6,32.3,50531
4,40.6,9.5,42.7,50112
1,40.6,8.7,19.3,47758
3,40.6,4.9,52.7,64509
3,40.6,6.8,12.4,44080
2,40.6,10.5,17.9,44502
3,40.5,7.6,50,50122
2,40.5,7.1,49,42807
3,40.5,4,39.1,80169
3,40.5,10.1,27.4,46864
4,40.5,4.9,52.7,64509
3,40.4,4,39.1,80169
2,40.4,7.9,37.6,51225
1,40.4,4,18.6,51491
2,40.3,3.3,29.4,71920
2,40.3,9.5,42.7,50112
2,40.3,3.4,34.2,69297
2,40.3,4.9,52.7,64509
2,40.2,4,39.1,80169
2,40.1,8,49.3,52166
3,40.1,8.7,19.3,47758
3,40,15.8,44.7,36976
2,40,4,39.1,80169
3,39.9,4,39.1,80169
2,39.9,10.5,56,46779
2,39.9,4,39.1,80169
2,39.9,3.6,27.4,80428
1,39.8,4,39.1,80169
3,39.8,8.6,56.6,59329
1,39.8,8,49.3,52166
3,39.8,6.7,15.3,53960
2,39.7,8.6,32.3,50531
4,39.7,7.6,50,50122
3,39.7,4,39.1,80169
2,39.7,4,39.1,80169
3,39.7,3.4,34.2,69297
2,39.7,6,23.3,60044
4,39.7,4.9,52.7,64509
3,39.6,4,39.1,80169
2,39.6,6.7,15.3,53960
2,39.5,8.6,32.3,50531
3,39.5,10.2,41.4,58956
2,39.5,6.8,12.4,44080
2,39.4,8.6,35.8,50480
2,39.4,6.7,15.3,53960
2,39.3,6.7,23.9,54900
3,39.3,4,39.1,80169
1,39.3,19.3,74.2,35407
3,39.3,8.6,56.6,59329
2,39.3,5.7,27.3,73703
3,39.3,9.5,42.7,50112
2,39.3,10.7,27,52798
3,39.3,13.8,6.7,47183
2,39.2,7.4,12.3,55052
2,39.2,3.4,34.2,69297
3,39.2,4.9,52.7,64509
3,39.1,8,49.3,52166
2,39.1,9.5,42.7,50112
2,39.1,4,18.6,51491
2,39.1,11.6,16,42831
3,39,4.9,52.7,64509
2,39,11.6,16,42831
3,39,8.8,7.6,41262
1,38.9,7.6,33.1,50748
2,38.9,3.4,34.2,69297
2,38.9,4.9,52.7,64509
3,38.9,4.9,52.7,64509
2,38.9,7.1,23.7,53738
2,38.8,8.6,56.6,59329
3,38.6,10.2,41.4,58956
3,38.6,7.3,31.8,60296
3,38.5,10.2,41.4,58956
1,38.5,6.7,7.5,43967
2,38.5,8.8,7.6,41262
2,38.4,8,49.3,52166
1,38.3,7.9,37.6,51225
2,38.3,10.5,56,46779
2,38.3,8,49.3,52166
3,38.3,5.3,12.5,49138
2,38.3,8.8,7.6,41262
2,38.2,6.4,21.8,59471
3,38.2,4,18.6,51491
1,38.1,7.6,50,50122
2,38.1,4,18.6,51491
2,38,8.3,21.6,53419
3,38,4,39.1,80169
2,38,6.1,8,50826
1,38,6,23.3,60044
3,38,6.8,12.4,44080
3,38,11.6,16,42831
2,37.9,5.7,27.3,73703
2,37.9,4.9,52.7,64509
2,37.9,4.9,52.7,64509
2,37.9,6.7,15.3,53960
2,37.8,7.3,31.8,60296
2,37.8,4,39.1,80169
3,37.8,9.4,33.2,50149
2,37.7,7.9,37.6,51225
2,37.7,8.6,35.8,50480
2,37.7,8,49.3,52166
3,37.7,4.9,52.7,64509
2,37.6,8.3,21.6,53419
3,37.6,4,39.1,80169
3,37.6,8,49.3,52166
2,37.6,4.9,15,60801
3,37.6,7.1,23.7,53738
2,37.5,4,39.1,80169
2,37.4,3.4,34.2,69297
3,37.4,4.9,52.7,64509
2,37.3,5.4,66.5,38216
1,37.3,7.3,31.8,60296
3,37.3,7.3,31.8,60296
3,37.3,5.7,27.3,73703
2,37.3,8.7,19.3,47758
2,37.3,10.7,27,52798
1,37.2,9.9,20.3,48372
2,37.2,6.7,15.3,53960
2,37.1,9.5,42.7,50112
2,37.1,8.7,19.3,47758
3,37.1,4.9,15,60801
2,37.1,6,23.3,60044
2,37.1,13.5,15.8,46342
2,37,8.3,21.6,53419
2,37,11.8,60.4,40263
3,37,8.6,35.8,50480
4,37,10.1,27.4,46864
2,37,13.5,15.8,46342
1,37,7.1,23.7,53738
2,36.9,4,39.1,80169
3,36.9,8.6,35.8,50480
1,36.9,15.2,26.7,41869
3,36.8,13.1,47.5,43569
4,36.8,18.7,61.2,38430
2,36.8,4,39.1,80169
1,36.7,5.5,7.1,41864
2,36.7,8.6,32.3,50531
3,36.7,8.7,19.3,47758
2,36.7,4.9,52.7,64509
1,36.6,3.4,34.2,69297
2,36.6,6.6,7.4,48489
2,36.5,8.6,56.6,59329
2,36.5,7.1,23.7,53738
2,36.4,6,23.3,60044
1,36.4,10.7,27,52798
2,36.4,6.8,12.4,44080
1,36.4,4.2,11.6,50467
2,36.4,6.7,15.3,53960
3,36.3,2.8,11.5,64426
3,36.3,6.8,12.4,44080
2,36.2,8.6,32.3,50531
2,36.2,5.8,44.9,43303
2,36.2,6,23.3,60044
1,36.2,8.9,11.8,43972
2,36.2,6.7,15.3,53960
1,36.2,7.8,5.1,44693
3,36.1,3.4,34.2,69297
3,36.1,6,23.3,60044
3,36.1,4.9,52.7,64509
2,36,18.7,61.2,38430
3,36,4,39.1,80169
2,36,4,39.1,80169
2,36,15.2,26.7,41869
3,36,9.5,42.7,50112
1,36,4.9,52.7,64509
2,36,7.4,14.1,62963
3,36,10.5,17.9,44502
2,35.9,8.6,56.6,59329
2,35.9,10.5,56,46779
2,35.9,8.7,19.3,47758
4,35.9,4.9,52.7,64509
2,35.9,8.8,7.6,41262
2,35.8,4,39.1,80169
2,35.8,8.6,56.6,59329
2,35.8,7.1,23.7,53738
2,35.8,5.6,15.9,54012
2,35.7,8.3,21.6,53419
1,35.7,10.2,41.4,58956
2,35.7,4,39.1,80169
2,35.7,8.7,19.3,47758
3,35.7,10.1,27.4,46864
2,35.7,3.6,27.4,80428
1,35.6,7.3,31.8,60296
1,35.6,4,39.1,80169
1,35.4,8.3,21.6,53419
2,35.4,4.9,15,60801
2,35.4,5.6,15.9,54012
2,35.3,4,39.1,80169
3,35.3,7.3,31.8,60296
2,35.3,4,39.1,80169
3,35.3,4.9,52.7,64509
2,35.3,5.3,12.5,49138
2,35.3,5.6,15.9,54012
3,35.2,4,39.1,80169
2,35.2,4.9,52.7,64509
2,35.2,9.7,8.7,51398
2,35.1,8,49.3,52166
2,35.1,3.4,34.2,69297
2,35.1,6.8,12.4,44080
2,35,3.6,27.4,80428
2,35,4.9,52.7,64509
2,34.9,6.7,23.9,54900
2,34.8,8,49.3,52166
2,34.6,2.8,11.5,64426
2,34.6,10.3,17,60163
2,34.6,10.5,56,46779
2,34.5,5.7,27.3,73703
3,34.5,8.6,35.8,50480
1,34.4,5.6,15.9,54012
2,34.1,5.6,11.4,64768
2,34.1,4,39.1,80169
2,34.1,6.1,8,50826
2,34.1,10.7,27,52798
2,34.1,6.8,12.4,44080
2,34,3.4,34.2,69297
3,34,4.9,52.7,64509
2,34,4.9,52.7,64509
3,33.9,12.7,52.5,44015
2,33.8,2.8,11.5,64426
2,33.8,8.6,32.3,50531
1,33.8,6,23.3,60044
2,33.8,6.6,7.4,48489
3,33.8,16.5,36.7,43121
2,33.7,4.9,52.7,64509
2,33.7,6.7,15.3,53960
3,33.6,12.5,55.3,38023
3,33.5,11.6,16,42831
2,33.4,6.4,21.8,59471
2,33.3,4,39.1,80169
2,33.3,3.3,29.4,71920
2,33.3,10.7,27,52798
2,33.2,13.1,47.5,43569
2,33.1,7.4,12.3,55052
2,33.1,21.7,60.7,37233
2,33.1,8.7,19.3,47758
2,33,5.8,44.9,43303
2,33,9.5,42.7,50112
2,33,3.6,27.4,80428
3,32.9,11,46,41572
3,32.9,4,39.1,80169
1,32.9,6.4,21.8,59471
2,32.8,4,39.1,80169
2,32.8,9.4,33.2,50149
2,32.7,9.5,42.7,50112
2,32.6,6.4,21.8,59471
4,32.6,3.4,34.2,69297
2,32.5,4,39.1,80169
2,32.5,4,39.1,80169
2,32.5,8,49.3,52166
2,32.5,6.8,12.4,44080
2,32.4,6.7,23.9,54900
2,32.4,9.4,33.2,50149
1,32.4,9.5,42.7,50112
2,32.4,10.1,27.4,46864
2,32.4,6.7,15.3,53960
3,32.3,4,39.1,80169
2,32.3,8.7,19.3,47758
2,32.3,8.7,19.3,47758
2,32.3,6.6,7.4,48489
2,32.2,8.6,35.8,50480
2,32.2,6.8,12.4,44080
1,32.2,7.6,11.9,43328
2,32.2,6.7,15.3,53960
2,32.1,4,39.1,80169
2,32.1,15.2,26.7,41869
2,32.1,9.5,42.7,50112
2,32,4,39.1,80169
2,31.9,3.3,29.4,71920
2,31.9,3.3,29.4,71920
2,31.8,3.3,29.4,71920
1,31.7,8.6,32.3,50531
2,31.6,4,39.1,80169
2,31.6,6.4,21.8,59471
3,31.6,11.6,16,42831
1,31.5,8.3,21.6,53419
2,31.5,3.6,27.4,80428
2,31.5,3.4,34.2,69297
1,31.4,16.1,64.9,35433
3,31.4,9.9,20.3,48372
2,31.3,4,39.1,80169
3,31.2,3.4,34.2,69297
2,31.1,10.7,27,52798
2,31,4,39.1,80169
2,31,4.9,52.7,64509
3,30.9,7.3,31.8,60296
2,30.9,4,39.1,80169
2,30.9,4.9,52.7,64509
2,30.9,5.3,12.5,49138
3,30.7,4,39.1,80169
2,30.7,3.3,29.4,71920
2,30.7,7.4,14.1,62963
1,30.6,7.6,33.1,50748
3,30.6,4,39.1,80169
2,30.6,10.5,56,46779
3,30.6,3.4,34.2,69297
2,30.6,6.6,7.4,48489
2,30.5,4,39.1,80169
2,30.5,3.3,29.4,71920
2,30.5,4.9,15,60801
1,30.5,4.2,11.6,50467
2,30.4,6.4,21.8,59471
2,30.4,7.1,23.7,53738
3,30.4,11.6,16,42831
2,30.3,12.7,52.5,44015
2,30.1,8.6,56.6,59329
1,30.1,11.1,10.4,46426
2,30,15.4,61.5,36760
2,30,6.8,12.4,44080
2,29.7,4,39.1,80169
2,29.6,8.6,56.6,59329
1,29.6,3.3,29.4,71920
2,29.5,8.7,19.3,47758
2,29.4,4,39.1,80169
2,29.2,5.6,11.4,64768
2,29.2,4,39.1,80169
2,29.2,6,23.3,60044
2,29.1,8.6,56.6,59329
2,29.1,3.6,27.4,80428
2,29.1,8.8,7.6,41262
2,29,6.7,23.9,54900
2,29,8.7,19.3,47758
2,28.9,5.8,44.9,43303
3,28.9,7.3,31.8,60296
2,28.9,4,39.1,80169
3,28.9,8.6,56.6,59329
1,28.9,4.9,52.7,64509
1,28.9,6,23.3,60044
1,28.8,5.4,66.5,38216
2,28.8,4.9,52.7,64509
2,28.7,8.3,21.6,53419
2,28.6,12.8,55.2,36042
3,28.6,4,39.1,80169
3,28.6,8.6,35.8,50480
5,28.6,4.9,52.7,64509
2,28.5,4.9,52.7,64509
2,28.4,6.7,23.9,54900
2,28.4,4,18.6,51491
2,28.4,3.6,27.4,80428
2,28.4,4.9,52.7,64509
2,28.4,4.9,52.7,64509
1,28.3,4,39.1,80169
2,28.3,4,39.1,80169
1,28.3,8,49.3,52166
3,28.3,3.4,34.2,69297
1,28.2,3.6,27.4,80428
1,28.1,8.3,21.6,53419
2,28.1,4,39.1,80169
2,28.1,3.6,27.4,80428
3,28,4.9,52.7,64509
2,27.9,4,39.1,80169
2,27.9,10.7,27,52798
1,27.9,6.8,12.4,44080
1,27.8,11.8,60.4,40263
2,27.8,5.6,15.9,54012
2,27.7,12,33.8,46411
2,27.6,10.7,27,52798
2,27.6,4.2,11.6,50467
2,27.5,4,39.1,80169
1,27.5,5.3,12.5,49138
2,27.4,7.4,12.3,55052
1,27.4,7.4,14.1,62963
2,27.3,10.7,27,52798
2,27.2,7.3,31.8,60296
2,27.2,8.7,19.3,47758
2,27.1,4.9,52.7,64509
2,27.1,7.4,14.1,62963
2,27,4,39.1,80169
2,27,3.6,27.4,80428
1,27,3.6,27.4,80428
2,26.9,7.3,31.8,60296
2,26.9,8.7,19.3,47758
1,26.9,4.9,52.7,64509
3,26.8,4,39.1,80169
2,26.7,4,39.1,80169
2,26.7,4,39.1,80169
3,26.6,7.3,31.8,60296
2,26.6,7.3,31.8,60296
2,26.5,2.8,11.5,64426
2,26.5,4,39.1,80169
2,26.5,5.7,27.3,73703
2,26.5,6.8,12.4,44080
2,26.4,3.3,29.4,71920
1,26.4,4.9,52.7,64509
3,26.3,4,39.1,80169
2,26.3,3.6,27.4,80428
2,26.2,4,39.1,80169
2,26.2,3.3,29.4,71920
3,26.1,7.3,31.8,60296
2,26.1,4,39.1,80169
2,26.1,13.9,15.2,49070
2,26.1,7.1,23.7,53738
2,26.1,8.8,7.6,41262
2,26,3.3,29.4,71920
1,26,9.5,42.7,50112
1,25.9,5.8,44.9,43303
1,25.9,11,46,41572
3,25.9,9.2,35.7,57710
2,25.9,8,49.3,52166
2,25.9,4.9,52.7,64509
2,25.8,4.9,52.7,64509
2,25.8,4.9,52.7,64509
3,25.8,10.5,17.9,44502
2,25.7,4.9,52.7,64509
2,25.6,6.4,21.8,59471
1,25.6,6,23.3,60044
2,25.5,3.6,27.4,80428
2,25.5,3.6,27.4,80428
2,25.4,9.2,18.4,65955
2,25.4,7.6,33.1,50748
2,25.4,8.3,21.6,53419
2,25.4,8,49.3,52166
1,25.4,4.9,52.7,64509
2,25.3,3.3,29.4,71920
2,25.2,8.7,19.3,47758
2,25.2,6.7,15.3,53960
1,25.1,4,39.1,80169
3,25.1,3.6,27.4,80428
1,25,12.8,55.2,36042
2,25,6,23.3,60044
1,25,6,23.3,60044
2,24.9,12.7,52.5,44015
2,24.9,3.3,29.4,71920
2,24.8,3.6,27.4,80428
2,24.7,6.4,21.8,59471
1,24.7,10.7,27,52798
1,24.6,14.5,63.4,38818
2,24.6,7.3,31.8,60296
2,24.5,4,39.1,80169
1,24.5,3.3,29.4,71920
2,24.5,9.5,42.7,50112
2,24.5,4.9,52.7,64509
2,24.4,4,39.1,80169
3,24.3,2.8,11.5,64426
2,24.3,4,39.1,80169
2,24.3,3.3,29.4,71920
2,24.2,4,39.1,80169
3,24.1,12.7,52.5,44015
2,24.1,4,39.1,80169
2,24.1,3.4,34.2,69297
2,24.1,10.7,27,52798
2,24,4,39.1,80169
3,24,4.9,52.7,64509
2,23.9,6.7,15.3,53960
1,23.8,8.7,19.3,47758
1,23.7,9.2,18.4,65955
2,23.7,7.4,14.1,62963
2,23.7,10.7,27,52798
1,23.6,8.6,56.6,59329
1,23.6,3.3,29.4,71920
2,23.6,4.9,52.7,64509
3,23.5,4,39.1,80169
2,23.2,7.3,31.8,60296
1,23.1,9.5,42.7,50112
2,23,7.3,31.8,60296
2,23,6,23.3,60044
2,22.9,4,39.1,80169
2,22.9,4,39.1,80169
1,22.9,5.6,15.9,54012
1,22.8,6.7,23.9,54900
1,22.8,12.7,52.5,44015
2,22.8,9.4,33.2,50149
2,22.8,6.6,7.4,48489
3,22.7,8.7,19.3,47758
2,22.6,4,39.1,80169
3,22.6,8,49.3,52166
2,22.5,4,39.1,80169
2,22.5,3.3,29.4,71920
1,22.4,9.5,42.7,50112
2,22.2,7.3,31.8,60296
2,22.1,4,39.1,80169
2,22.1,9.5,42.7,50112
1,22.1,4.9,52.7,64509
3,22.1,13.8,6.7,47183
2,22,6,23.3,60044
1,22,6.7,15.3,53960
1,21.9,10.5,17.9,44502
2,21.8,7.3,31.8,60296
2,21.8,4,39.1,80169
2,21.8,4.9,52.7,64509
3,21.6,4.9,52.7,64509
1,21.5,4,39.1,80169
1,21.5,4,39.1,80169
2,21.4,8.3,21.6,53419
2,21.4,4,39.1,80169
1,21.4,8,49.3,52166
2,21.3,9.2,18.4,65955
2,21.3,4,39.1,80169
4,21.1,8.6,56.6,59329
2,21,5.6,11.4,64768
1,21,9.5,42.7,50112
3,20.9,9.2,18.4,65955
2,20.9,9.7,8.7,51398
2,20.8,4,39.1,80169
2,20.8,11.6,16,42831
2,20.6,4,39.1,80169
2,20.6,10.6,26.3,42728
2,20.5,7.3,31.8,60296
1,20.4,12.7,52.5,44015
2,20.4,4,39.1,80169
2,20.4,4,39.1,80169
2,20.4,3.6,27.4,80428
2,20.3,7.3,31.8,60296
2,20.3,3.3,29.4,71920
2,20.3,7.4,14.1,62963
2,20.2,4,39.1,80169
2,20.1,5.7,27.3,73703
2,20.1,8,49.3,52166
1,20.1,9.5,42.7,50112
2,20,12.5,17.6,44946
3,19.9,12.7,52.5,44015
2,19.9,4,39.1,80169
1,19.9,4.9,52.7,64509
2,19.9,4.9,52.7,64509
2,19.8,8,49.3,52166
1,19.8,6.6,7.4,48489
2,19.7,7.3,31.8,60296
2,19.6,4,39.1,80169
1,19.6,3.6,27.4,80428
2,19.5,4,39.1,80169
2,19.5,3.6,27.4,80428
1,19.3,8,49.3,52166
1,19.1,8.3,21.6,53419
2,19.1,4.9,15,60801
1,18.9,3.4,34.2,69297
2,18.8,4,39.1,80169
2,18.8,4.9,52.7,64509
3,18.7,8,49.3,52166
1,18.7,9.5,42.7,50112
2,18.7,13.5,15.8,46342
1,18.7,6,23.3,60044
2,18.6,7.4,14.1,62963
1,18.6,7.1,23.7,53738
1,18.5,2.8,11.5,64426
3,18.5,12.7,52.5,44015
2,18.5,4,39.1,80169
2,18.4,16.5,36.7,43121
1,18.3,8.3,21.6,53419
2,18.3,4,39.1,80169
2,18.3,5.7,27.3,73703
1,18.3,8,49.3,52166
2,18.3,10.7,27,52798
1,18.2,9.5,42.7,50112
1,18.1,5.6,11.4,64768
1,18,4.9,52.7,64509
2,17.9,3.3,29.4,71920
2,17.8,2.8,11.5,64426
1,17.8,4.9,52.7,64509
2,17.6,12.7,52.5,44015
3,17.5,4.9,52.7,64509
2,17.5,8.3,21.6,53419
1,17.5,4,39.1,80169
1,17.5,11.6,16,42831
3,17.4,5.7,41.3,48984
2,17.4,9.5,42.7,50112
1,17.3,8,49.3,52166
3,17.3,4.9,52.7,64509
2,17.2,4,39.1,80169
1,17.1,3.3,29.4,71920
2,17.1,4.9,52.7,64509
1,16.9,8,49.3,52166
2,16.6,15.2,26.7,41869
1,16.6,4.9,52.7,64509
2,16.5,10.3,17,60163
3,16.4,8.3,21.6,53419
1,16.3,6.4,21.8,59471
2,16.1,6.4,21.8,59471
1,16.1,7.4,14.1,62963
2,16,8,49.3,52166
2,16,3.4,34.2,69297
2,15.9,4,39.1,80169
2,15.9,4.9,52.7,64509
1,15.8,4,39.1,80169
2,15.8,4,39.1,80169
1,15.7,9.5,42.7,50112
1,15.6,9.5,42.7,50112
2,15.5,6.7,15.3,53960
3,15.4,4.9,52.7,64509
2,15.3,8,49.3,52166
2,15.2,9.2,18.4,65955
2,15.2,6,23.3,60044
3,15.1,12.7,52.5,44015
1,15,5.7,27.3,73703
1,15,3.6,27.4,80428
1,15,4.9,52.7,64509
2,15,10.7,27,52798
2,14.9,13.1,47.5,43569
2,14.9,5.7,27.3,73703
3,14.9,3.4,34.2,69297
2,14.9,6,23.3,60044
1,14.7,4,39.1,80169
2,14.5,12.7,52.5,44015
1,14.5,4,39.1,80169
3,14.3,4.9,52.7,64509
2,14.1,4,39.1,80169
1,14,8,49.3,52166
1,14,4.9,52.7,64509
2,13.9,4,39.1,80169
3,13.9,9.9,20.3,48372
1,13.9,4.9,52.7,64509
2,13.9,6,23.3,60044
2,13.8,6.7,15.3,53960
2,13.7,8.1,44.7,46355
1,13.7,3.4,34.2,69297
3,13.7,5.6,15.9,54012
2,13.6,11.8,60.4,40263
2,13.6,4,39.1,80169
1,13.4,8.3,21.6,53419
1,13.4,4.9,52.7,64509
2,13.4,6.7,15.3,53960
2,13.3,4,39.1,80169
2,13.3,6.6,7.4,48489
1,13.3,11.6,16,42831
1,13.1,4,39.1,80169
2,13.1,6.4,21.8,59471
1,13,4.9,52.7,64509
1,12.9,4.9,52.7,64509
2,12.8,6.7,15.3,53960
2,12.7,3.3,29.4,71920
2,12.7,4.9,52.7,64509
1,12.5,4.9,52.7,64509
1,12.4,4.9,52.7,64509
1,12.2,3.6,27.4,80428
1,12.2,3.4,34.2,69297
1,12.1,8,49.3,52166
2,12.1,5.6,15.9,54012
2,11.8,8,49.3,52166
2,11.8,6.7,15.3,53960
2,11.7,4,39.1,80169
2,11.6,4,39.1,80169
2,11.6,8.6,35.8,50480
1,11.6,8,49.3,52166
1,11.4,4,39.1,80169
2,11.4,8,49.3,52166
1,11.1,4,39.1,80169
2,11,8.6,35.8,50480
1,11,4.9,52.7,64509
2,10.8,4,39.1,80169
2,10.7,6,23.3,60044
1,10.4,4,39.1,80169
2,10.3,3.4,34.2,69297
1,10.1,4,39.1,80169
2,10,12,33.8,46411
1,9.9,4,39.1,80169
2,9.9,9.5,42.7,50112
2,9.8,8.6,56.6,59329
2,9.8,3.6,27.4,80428
1,9.8,4.9,52.7,64509
1,9.7,4.9,52.7,64509
1,9.6,4.9,52.7,64509
2,9.5,3.4,34.2,69297
3,9.2,4.9,52.7,64509
1,9.2,8,49.3,52166
2,9.1,4.9,52.7,64509
2,9,10.2,41.4,58956
2,9,4.9,52.7,64509
1,8.9,4.9,52.7,64509
1,8.6,4.9,52.7,64509
1,8.5,4.9,52.7,64509
1,8.5,4.9,52.7,64509
2,8.5,6,23.3,60044
1,8.3,4,39.1,80169
1,8.3,4,39.1,80169
1,8.3,4,39.1,80169
2,8.2,10.2,41.4,58956
2,8.1,8.6,35.8,50480
2,8.1,10.5,17.9,44502
2,7.9,12.7,52.5,44015
2,7.9,6,23.3,60044
2,7.7,4,39.1,80169
1,7.6,4,39.1,80169
1,7.6,8,49.3,52166
1,7.5,4,39.1,80169
2,7.5,8.6,56.6,59329
2,7.4,4,39.1,80169
2,7.4,4,39.1,80169
1,7.4,9.4,33.2,50149
1,7.2,4,39.1,80169
1,7.2,3.6,27.4,80428
2,7.1,6,23.3,60044
1,7,4,39.1,80169
2,6.9,7.4,14.1,62963
2,6.8,4,39.1,80169
1,6.8,4,39.1,80169
1,6.8,4,39.1,80169
3,6.3,6,23.3,60044
1,6.2,4.9,52.7,64509
1,6.1,4,39.1,80169
1,6.1,3.4,34.2,69297
1,6,8,49.3,52166
1,6,3.6,27.4,80428
2,5.9,4.9,52.7,64509
1,5.9,3.6,27.4,80428
1,5.8,4,39.1,80169
1,5.8,3.6,27.4,80428
2,5.6,7.9,37.6,51225
1,5.5,4,39.1,80169
1,5.4,3.6,27.4,80428
2,5.3,4.9,52.7,64509
3,5.1,4,39.1,80169
1,5.1,3.6,27.4,80428
2,5.1,4.9,52.7,64509
1,5,4,39.1,80169
